time,temp,wind_speed,wind_degree,pressure,precip,humidity,cloud,uv,weather
2024-10-22 00:00,26.1,7.9,179,29.86,0.0,74,35,0.0,1003
2024-10-22 01:00,26.0,7.2,188,29.85,0.0,74,32,0.0,1003
2024-10-22 02:00,25.8,6.1,185,29.84,0.0,73,26,0.0,1003
2024-10-22 03:00,25.5,6.5,168,29.84,0.0,73,34,0.0,1003
2024-10-22 04:00,25.5,6.1,183,29.85,0.0,72,20,0.0,1000
2024-10-22 05:00,25.3,6.5,186,29.87,0.0,72,24,0.0,1000
2024-10-22 06:00,26.0,6.8,183,29.88,0.0,70,18,8.0,1000
2024-10-22 07:00,28.0,7.6,173,29.9,0.0,62,16,8.0,1000
2024-10-22 08:00,30.2,6.8,162,29.9,0.0,54,14,9.0,1000
2024-10-22 09:00,31.9,5.8,125,29.88,0.0,49,12,9.0,1000
2024-10-22 10:00,32.7,9.4,85,29.86,0.0,47,55,8.0,1063
2024-10-22 11:00,33.6,11.5,70,29.83,0.0,45,85,8.0,1063
2024-10-22 12:00,33.8,14.0,61,29.79,0.0,44,32,9.0,1003
2024-10-22 13:00,32.5,16.2,54,29.78,0.0,49,76,8.0,1063
2024-10-22 14:00,30.8,11.9,76,29.77,0.01,56,73,8.0,1063
2024-10-22 15:00,30.2,14.8,113,29.76,0.0,59,40,9.0,1003
2024-10-22 16:00,31.0,11.5,113,29.77,0.01,56,81,8.0,1063
2024-10-22 17:00,30.0,9.0,142,29.79,0.01,60,51,7.0,1150
2024-10-22 18:00,28.3,9.0,153,29.82,0.0,66,87,0.0,1063
2024-10-22 19:00,27.7,10.8,169,29.85,0.01,69,88,0.0,1150
2024-10-22 20:00,27.1,11.9,174,29.87,0.01,72,86,0.0,1240
2024-10-22 21:00,26.7,12.6,181,29.88,0.0,73,56,0.0,1003
2024-10-22 22:00,26.4,10.8,188,29.88,0.0,73,32,0.0,1003
2024-10-22 23:00,26.1,9.0,198,29.87,0.0,73,25,0.0,1003
2024-10-23 00:00,25.9,7.2,202,29.85,0.0,73,25,0.0,1000
2024-10-23 01:00,25.7,9.0,201,29.83,0.0,74,22,0.0,1000
2024-10-23 02:00,25.4,7.6,196,29.83,0.0,75,21,0.0,1000
2024-10-23 03:00,25.2,6.8,196,29.83,0.0,75,22,0.0,1000
2024-10-23 04:00,25.0,7.9,191,29.84,0.0,75,22,0.0,1000
2024-10-23 05:00,25.0,8.3,189,29.85,0.0,75,21,0.0,1000
2024-10-23 06:00,25.7,9.0,191,29.86,0.0,72,22,8.0,1000
2024-10-23 07:00,27.8,9.0,197,29.88,0.0,65,19,8.0,1000
2024-10-23 08:00,29.6,7.9,204,29.88,0.0,58,18,8.0,1000
2024-10-23 09:00,31.7,5.0,183,29.88,0.0,51,19,9.0,1000
2024-10-23 10:00,33.1,4.7,136,29.86,0.0,47,25,9.0,1003
2024-10-23 11:00,34.0,6.8,93,29.83,0.0,45,62,8.0,1063
2024-10-23 12:00,33.0,12.6,58,29.8,0.01,48,54,8.0,1150
2024-10-23 13:00,30.8,13.7,46,29.78,0.02,57,58,8.0,1240
2024-10-23 14:00,30.1,11.9,59,29.77,0.0,60,64,8.0,1063
2024-10-23 15:00,30.9,11.9,70,29.76,0.01,57,78,8.0,1240
2024-10-23 16:00,31.2,9.4,88,29.76,0.0,56,54,8.0,1063
2024-10-23 17:00,29.8,9.7,123,29.78,0.0,61,64,7.0,1063
2024-10-23 18:00,28.7,10.4,156,29.81,0.0,66,78,0.0,1063
2024-10-23 19:00,28.0,12.6,180,29.83,0.0,68,86,0.0,1063
2024-10-23 20:00,27.7,13.3,180,29.85,0.0,69,36,0.0,1003
2024-10-23 21:00,27.5,12.6,189,29.86,0.0,69,75,0.0,1006
2024-10-23 22:00,27.3,11.5,196,29.86,0.0,69,50,0.0,1003
2024-10-23 23:00,26.8,9.7,204,29.84,0.0,70,34,0.0,1003
2024-10-24 00:00,26.4,8.3,193,29.82,0.0,70,74,0.0,1063
2024-10-24 01:00,26.2,6.8,190,29.82,0.0,71,82,0.0,1063
2024-10-24 02:00,25.8,6.1,200,29.81,0.0,71,86,0.0,1063
2024-10-24 03:00,25.6,6.1,190,29.81,0.0,72,29,0.0,1003
2024-10-24 04:00,25.4,7.6,176,29.82,0.0,73,76,0.0,1063
2024-10-24 05:00,25.2,7.6,174,29.84,0.0,72,88,0.0,1063
2024-10-24 06:00,25.7,7.9,179,29.85,0.0,71,21,8.0,1000
2024-10-24 07:00,28.0,8.3,184,29.87,0.0,62,17,8.0,1000
2024-10-24 08:00,30.2,7.6,175,29.88,0.0,54,16,9.0,1000
2024-10-24 09:00,31.8,5.4,147,29.87,0.0,49,17,9.0,1000
2024-10-24 10:00,33.3,5.8,112,29.85,0.0,45,35,9.0,1003
2024-10-24 11:00,33.9,11.5,63,29.82,0.0,44,80,8.0,1063
2024-10-24 12:00,32.6,15.1,44,29.79,0.0,48,76,8.0,1063
2024-10-24 13:00,31.4,13.3,36,29.76,0.0,52,88,8.0,1063
2024-10-24 14:00,30.7,11.9,29,29.75,0.0,56,44,9.0,1003
2024-10-24 15:00,29.6,11.5,34,29.75,0.01,61,58,7.0,1240
2024-10-24 16:00,29.0,7.9,36,29.76,0.01,64,81,7.0,1240
2024-10-24 17:00,29.2,3.6,44,29.78,0.0,63,89,7.0,1063
2024-10-24 18:00,28.2,1.8,88,29.8,0.02,67,81,0.0,1063
2024-10-24 19:00,27.6,3.2,173,29.83,0.01,69,78,0.0,1063
2024-10-24 20:00,27.1,4.7,186,29.86,0.0,71,79,0.0,1063
2024-10-24 21:00,26.7,7.2,173,29.88,0.0,73,78,0.0,1063
2024-10-24 22:00,26.2,6.8,185,29.88,0.0,75,31,0.0,1003
2024-10-24 23:00,25.8,7.6,193,29.86,0.0,77,32,0.0,1003
2024-10-25 00:00,25.0,7.9,184,29.85,0.07,80,81,0.0,1180
2024-10-25 01:00,24.5,9.0,192,29.83,0.01,81,85,0.0,1150
2024-10-25 02:00,24.5,7.9,194,29.82,0.02,81,71,0.0,1063
2024-10-25 03:00,24.6,7.9,187,29.82,0.01,80,83,0.0,1063
2024-10-25 04:00,24.5,6.8,186,29.84,0.0,79,76,0.0,1063
2024-10-25 05:00,24.3,6.8,195,29.86,0.01,79,77,0.0,1063
2024-10-25 06:00,25.1,6.5,190,29.88,0.0,76,28,8.0,1003
2024-10-25 07:00,27.6,6.1,189,29.89,0.0,67,23,8.0,1000
2024-10-25 08:00,29.6,4.0,174,29.9,0.0,58,21,8.0,1000
2024-10-25 09:00,31.3,2.9,134,29.89,0.0,52,43,9.0,1003
2024-10-25 10:00,32.7,5.0,69,29.87,0.02,48,78,8.0,1063
2024-10-25 11:00,33.1,9.7,53,29.84,0.0,47,56,8.0,1063
2024-10-25 12:00,32.2,11.5,63,29.81,0.0,50,54,8.0,1063
2024-10-25 13:00,31.9,10.8,76,29.78,0.0,51,89,8.0,1063
2024-10-25 14:00,32.2,10.1,89,29.76,0.01,51,82,8.0,1150
2024-10-25 15:00,31.8,9.0,85,29.76,0.01,52,56,8.0,1063
2024-10-25 16:00,30.7,7.9,83,29.76,0.0,57,73,8.0,1063
2024-10-25 17:00,30.1,5.0,107,29.78,0.0,59,86,8.0,1063
2024-10-25 18:00,28.8,4.3,130,29.81,0.01,65,73,0.0,1063
2024-10-25 19:00,28.1,6.8,177,29.83,0.0,68,34,0.0,1003
2024-10-25 20:00,27.6,9.0,189,29.86,0.0,70,85,0.0,1063
2024-10-25 21:00,26.9,9.7,183,29.88,0.0,72,11,0.0,1000
2024-10-25 22:00,26.3,10.8,187,29.88,0.0,74,6,0.0,1000
2024-10-25 23:00,25.8,10.4,188,29.85,0.0,76,4,0.0,1000
2024-10-26 00:00,25.3,9.7,185,29.83,0.0,76,3,0.0,1000
2024-10-26 01:00,24.9,10.8,179,29.82,0.0,77,4,0.0,1000
2024-10-26 02:00,24.6,11.9,180,29.82,0.0,77,5,0.0,1000
2024-10-26 03:00,24.5,12.2,181,29.82,0.0,76,4,0.0,1000
2024-10-26 04:00,24.4,12.2,183,29.83,0.0,75,3,0.0,1000
2024-10-26 05:00,24.2,11.2,187,29.85,0.0,74,2,0.0,1000
2024-10-26 06:00,24.9,10.4,192,29.87,0.0,72,2,7.0,1000
2024-10-26 07:00,27.7,9.7,194,29.88,0.0,59,2,8.0,1000
2024-10-26 08:00,30.0,6.8,182,29.89,0.0,49,3,9.0,1000
2024-10-26 09:00,31.9,6.5,135,29.88,0.0,43,0,9.0,1000
2024-10-26 10:00,33.2,9.0,117,29.86,0.0,39,2,9.0,1000
2024-10-26 11:00,34.1,10.4,93,29.82,0.0,37,8,9.0,1000
2024-10-26 12:00,34.4,12.2,76,29.78,0.0,37,10,9.0,1000
2024-10-26 13:00,34.6,12.2,74,29.74,0.0,37,9,9.0,1000
2024-10-26 14:00,34.5,11.9,75,29.72,0.0,38,11,9.0,1000
2024-10-26 15:00,33.8,13.0,92,29.72,0.0,41,18,9.0,1000
2024-10-26 16:00,31.7,11.5,100,29.74,0.0,50,70,8.0,1063
2024-10-26 17:00,30.5,9.0,120,29.76,0.0,55,71,8.0,1063
2024-10-26 18:00,29.2,7.6,139,29.79,0.0,60,76,0.0,1063
2024-10-26 19:00,28.3,9.4,160,29.81,0.0,64,20,0.0,1000
2024-10-26 20:00,27.8,10.8,187,29.84,0.0,67,38,0.0,1003
2024-10-26 21:00,27.3,11.2,195,29.85,0.0,69,26,0.0,1003
2024-10-26 22:00,26.9,11.2,203,29.85,0.0,70,17,0.0,1000
2024-10-26 23:00,26.6,8.6,208,29.84,0.0,71,13,0.0,1000
2024-10-27 00:00,26.3,7.9,191,29.82,0.0,72,13,0.0,1000
2024-10-27 01:00,26.0,8.3,179,29.8,0.0,73,13,0.0,1000
2024-10-27 02:00,25.6,9.0,166,29.79,0.0,75,16,0.0,1000
2024-10-27 03:00,25.3,9.4,173,29.79,0.0,76,11,0.0,1000
2024-10-27 04:00,25.3,9.4,184,29.8,0.0,76,8,0.0,1000
2024-10-27 05:00,25.1,9.4,189,29.81,0.0,75,9,0.0,1000
2024-10-27 06:00,25.7,9.7,189,29.83,0.0,73,9,8.0,1000
2024-10-27 07:00,27.9,9.7,190,29.85,0.0,64,9,8.0,1000
2024-10-27 08:00,29.9,10.1,182,29.85,0.0,55,8,8.0,1000
2024-10-27 09:00,31.8,8.3,168,29.83,0.0,49,8,9.0,1000
2024-10-27 10:00,33.3,6.1,133,29.81,0.0,44,9,9.0,1000
2024-10-27 11:00,34.2,6.5,86,29.78,0.0,42,29,9.0,1003
2024-10-27 12:00,34.8,11.2,53,29.74,0.0,41,26,9.0,1003
2024-10-27 13:00,34.1,17.6,36,29.71,0.01,43,76,8.0,1063
2024-10-27 14:00,32.7,14.8,54,29.72,0.01,49,68,8.0,1063
2024-10-27 15:00,31.3,11.5,72,29.72,0.01,55,60,8.0,1063
2024-10-27 16:00,29.9,8.6,90,29.73,0.0,60,52,7.0,1063
2024-10-27 17:00,29.1,7.2,114,29.75,0.01,63,53,7.0,1240
2024-10-27 18:00,28.3,6.1,139,29.78,0.01,66,55,0.0,1063
2024-10-27 19:00,27.6,4.7,163,29.8,0.02,69,56,0.0,1240
2024-10-27 20:00,27.3,5.8,172,29.81,0.01,71,43,0.0,1000
2024-10-27 21:00,27.0,6.5,181,29.82,0.0,72,29,0.0,1240
2024-10-27 22:00,26.8,7.6,190,29.83,0.0,74,16,0.0,1000
2024-10-27 23:00,26.5,7.6,185,29.82,0.0,75,16,0.0,1000
2024-10-28 00:00,26.0,6.8,182,29.79,0.0,77,7,0.0,1000
2024-10-28 01:00,25.7,10.1,176,29.78,0.0,78,8,0.0,1000
2024-10-28 02:00,25.4,9.4,178,29.77,0.0,78,8,0.0,1000
2024-10-28 03:00,25.1,9.0,178,29.77,0.0,78,10,0.0,1000
2024-10-28 04:00,24.9,8.6,192,29.79,0.0,78,9,0.0,1000
2024-10-28 05:00,24.8,7.6,198,29.81,0.0,77,9,0.0,1000
2024-10-28 06:00,25.6,7.2,198,29.82,0.0,74,8,8.0,1000
2024-10-28 07:00,28.3,7.9,195,29.84,0.0,64,8,8.0,1000
2024-10-28 08:00,30.5,5.8,182,29.85,0.0,55,9,9.0,1000
2024-10-28 09:00,32.4,5.4,143,29.85,0.0,49,11,9.0,1000
2024-10-28 10:00,33.7,7.2,117,29.82,0.0,45,19,9.0,1000
2024-10-28 11:00,34.4,10.1,86,29.79,0.0,43,27,9.0,1003
2024-10-28 12:00,34.8,16.2,61,29.75,0.0,42,20,9.0,1000
2024-10-28 13:00,34.4,18.4,52,29.73,0.0,44,13,9.0,1000
2024-10-28 14:00,33.7,18.7,41,29.72,0.0,47,13,9.0,1000
2024-10-28 15:00,32.6,16.9,45,29.72,0.0,52,80,8.0,1063
2024-10-28 16:00,31.4,11.2,57,29.73,0.01,56,76,8.0,1063
2024-10-28 17:00,30.5,6.1,39,29.75,0.01,60,89,8.0,1063
2024-10-28 18:00,28.6,4.0,13,29.79,0.03,67,66,0.0,1240
2024-10-28 19:00,27.4,1.8,144,29.82,0.01,72,72,0.0,1063
2024-10-28 20:00,27.8,5.0,182,29.83,0.0,71,21,0.0,1000
2024-10-28 21:00,26.8,8.3,165,29.85,0.0,74,7,0.0,1000
2024-10-28 22:00,26.1,8.6,164,29.85,0.0,76,10,0.0,1000
2024-10-28 23:00,25.6,10.4,161,29.84,0.0,78,9,0.0,1000
2024-10-29 00:00,25.7,11.2,171,29.83,0.0,77,14,0.0,1000
2024-10-29 01:00,25.4,11.2,177,29.81,0.0,76,9,0.0,1000
2024-10-29 02:00,25.1,11.2,177,29.8,0.0,76,7,0.0,1000
2024-10-29 03:00,24.8,10.1,189,29.81,0.0,76,6,0.0,1000
2024-10-29 04:00,24.7,9.0,184,29.82,0.0,76,6,0.0,1000
2024-10-29 05:00,24.5,7.9,188,29.85,0.0,75,6,0.0,1000
2024-10-29 06:00,25.5,7.6,185,29.87,0.0,72,6,8.0,1000
2024-10-29 07:00,28.2,7.9,184,29.88,0.0,60,5,8.0,1000
2024-10-29 08:00,30.7,8.3,156,29.89,0.0,50,5,9.0,1000
2024-10-29 09:00,32.5,9.7,131,29.87,0.0,44,5,9.0,1000
2024-10-29 10:00,34.0,10.4,104,29.85,0.0,41,10,9.0,1000
2024-10-29 11:00,34.8,12.6,77,29.82,0.0,39,18,9.0,1000
2024-10-29 12:00,35.2,15.5,57,29.78,0.0,39,15,10.0,1000
2024-10-29 13:00,35.1,17.6,51,29.75,0.0,40,16,10.0,1000
2024-10-29 14:00,34.1,17.6,48,29.74,0.0,44,35,9.0,1003
2024-10-29 15:00,32.2,15.5,41,29.75,0.0,51,43,9.0,1003
2024-10-29 16:00,30.8,14.4,53,29.76,0.0,59,31,9.0,1003
2024-10-29 17:00,30.3,10.8,60,29.78,0.0,61,19,9.0,1000
2024-10-29 18:00,29.1,8.6,67,29.8,0.0,67,11,0.0,1000
2024-10-29 19:00,28.4,6.1,124,29.83,0.0,70,10,0.0,1000
2024-10-29 20:00,27.7,7.2,174,29.85,0.0,71,83,0.0,1063
2024-10-29 21:00,26.8,8.3,188,29.86,0.0,73,75,0.0,1063
2024-10-29 22:00,26.3,10.4,181,29.87,0.0,73,8,0.0,1000
2024-10-29 23:00,26.1,11.2,185,29.85,0.0,72,13,0.0,1000
2024-10-30 00:00,26.0,11.9,187,29.83,0.0,72,9,0.0,1000
2024-10-30 01:00,25.8,12.2,190,29.82,0.0,72,9,0.0,1000
2024-10-30 02:00,25.6,11.2,192,29.81,0.0,72,8,0.0,1000
2024-10-30 03:00,25.4,11.2,193,29.81,0.0,73,6,0.0,1000
2024-10-30 04:00,25.3,11.2,189,29.83,0.0,73,5,0.0,1000
2024-10-30 05:00,25.1,10.8,190,29.85,0.0,74,6,0.0,1000
2024-10-30 06:00,25.9,10.1,178,29.86,0.0,71,5,8.0,1000
2024-10-30 07:00,28.5,11.9,178,29.89,0.0,61,4,8.0,1000
2024-10-30 08:00,30.5,13.3,174,29.89,0.0,53,3,9.0,1000
2024-10-30 09:00,32.3,13.3,168,29.88,0.0,47,2,9.0,1000
2024-10-30 10:00,33.7,13.3,146,29.85,0.0,42,6,9.0,1000
2024-10-30 11:00,34.5,12.6,129,29.82,0.0,40,18,9.0,1000
2024-10-30 12:00,34.6,11.9,93,29.78,0.0,40,18,9.0,1000
2024-10-30 13:00,34.7,11.9,80,29.75,0.0,39,14,9.0,1000
2024-10-30 14:00,34.2,15.5,68,29.73,0.0,41,12,9.0,1000
2024-10-30 15:00,33.3,14.4,66,29.72,0.0,44,12,9.0,1000
2024-10-30 16:00,32.3,11.2,77,29.74,0.0,48,16,9.0,1000
2024-10-30 17:00,31.1,9.0,100,29.76,0.0,53,20,9.0,1000
2024-10-30 18:00,29.4,8.6,115,29.78,0.0,60,10,0.0,1000
2024-10-30 19:00,28.5,6.5,131,29.81,0.0,64,7,0.0,1000
2024-10-30 20:00,27.7,9.0,165,29.84,0.0,68,6,0.0,1000
2024-10-30 21:00,27.0,9.7,186,29.86,0.0,70,5,0.0,1000
2024-10-30 22:00,26.7,11.5,199,29.86,0.0,70,6,0.0,1000
2024-10-30 23:00,26.4,9.7,194,29.84,0.0,70,9,0.0,1000
2024-10-31 00:00,26.1,7.2,182,29.82,0.0,71,11,0.0,1000
2024-10-31 01:00,25.8,7.9,174,29.81,0.0,72,14,0.0,1000
2024-10-31 02:00,25.5,8.3,185,29.8,0.0,73,21,0.0,1000
2024-10-31 03:00,25.4,8.3,181,29.8,0.0,74,31,0.0,1003
2024-10-31 04:00,25.4,9.0,184,29.81,0.0,74,33,0.0,1003
2024-10-31 05:00,25.3,9.0,191,29.83,0.0,74,24,0.0,1000
2024-10-31 06:00,26.0,7.6,201,29.85,0.0,71,19,8.0,1000
2024-10-31 07:00,28.2,6.8,187,29.86,0.0,64,15,8.0,1000
2024-10-31 08:00,30.1,6.5,166,29.87,0.0,57,16,9.0,1000
2024-10-31 09:00,31.9,6.1,138,29.86,0.0,51,18,9.0,1000
2024-10-31 10:00,33.4,7.6,96,29.84,0.0,47,18,9.0,1000
2024-10-31 11:00,34.3,10.1,61,29.8,0.01,44,78,8.0,1063
2024-10-31 12:00,34.5,15.8,44,29.77,0.01,44,82,8.0,1063
2024-10-31 13:00,34.2,17.6,39,29.74,0.01,45,70,8.0,1063
2024-10-31 14:00,33.4,17.3,47,29.73,0.0,48,79,8.0,1063
2024-10-31 15:00,32.3,15.1,61,29.74,0.0,53,84,8.0,1063
2024-10-31 16:00,31.0,12.6,59,29.75,0.01,56,85,8.0,1063
2024-10-31 17:00,30.4,9.7,48,29.76,0.01,59,79,8.0,1063
2024-10-31 18:00,28.3,6.1,51,29.79,0.04,69,76,0.0,1240
2024-10-31 19:00,27.9,2.2,104,29.82,0.0,71,71,0.0,1063
2024-10-31 20:00,27.7,2.9,157,29.83,0.0,72,19,0.0,1000
2024-10-31 21:00,27.4,4.0,172,29.85,0.0,73,14,0.0,1000
2024-10-31 22:00,27.1,3.6,167,29.85,0.0,74,16,0.0,1000
2024-10-31 23:00,26.7,5.0,178,29.84,0.0,76,77,0.0,1063
2024-11-01 00:00,26.2,4.7,180,29.82,0.0,76,80,0.0,1063
2024-11-01 01:00,26.0,5.4,192,29.81,0.0,75,76,0.0,1063
2024-11-01 02:00,26.0,5.0,207,29.79,0.0,75,17,0.0,1000
2024-11-01 03:00,25.8,6.1,212,29.79,0.0,75,16,0.0,1000
2024-11-01 04:00,25.7,5.8,207,29.81,0.0,75,14,0.0,1000
2024-11-01 05:00,25.6,5.0,195,29.83,0.0,75,23,0.0,1000
2024-11-01 06:00,26.1,6.1,189,29.84,0.0,74,28,8.0,1003
2024-11-01 07:00,27.3,5.0,180,29.86,0.0,70,17,8.0,1000
2024-11-01 08:00,29.8,6.1,169,29.87,0.0,60,18,8.0,1000
2024-11-01 09:00,31.4,4.7,145,29.87,0.0,54,22,9.0,1000
2024-11-01 10:00,32.4,4.7,122,29.85,0.0,50,20,9.0,1000
2024-11-01 11:00,34.0,6.5,82,29.82,0.0,46,55,8.0,1063
2024-11-01 12:00,34.2,11.2,47,29.79,0.01,46,73,8.0,1063
2024-11-01 13:00,32.1,13.3,43,29.77,0.02,53,52,8.0,1240
2024-11-01 14:00,30.5,10.4,60,29.76,0.02,60,57,8.0,1240
2024-11-01 15:00,29.5,8.3,67,29.76,0.08,65,79,7.0,1240
2024-11-01 16:00,28.9,5.8,71,29.77,0.13,68,59,7.0,1243
2024-11-01 17:00,28.3,3.6,204,29.79,0.08,71,89,7.0,1063
2024-11-01 18:00,26.8,11.2,244,29.81,0.01,77,88,0.0,1063
2024-11-01 19:00,26.5,8.3,218,29.83,0.0,78,20,0.0,1000
2024-11-01 20:00,26.2,7.2,176,29.85,0.02,78,81,0.0,1063
2024-11-01 21:00,26.3,5.0,177,29.87,0.01,78,79,0.0,1063
2024-11-01 22:00,26.2,5.8,173,29.88,0.01,78,79,0.0,1063
2024-11-01 23:00,25.9,5.8,178,29.86,0.01,78,80,0.0,1063
2024-11-02 00:00,25.9,6.8,182,29.85,0.0,77,33,0.0,1003
2024-11-02 01:00,25.7,7.9,183,29.83,0.0,76,50,0.0,1003
2024-11-02 02:00,25.6,7.6,169,29.81,0.0,76,58,0.0,1003
2024-11-02 03:00,25.5,6.8,172,29.82,0.0,76,64,0.0,1006
2024-11-02 04:00,25.3,7.6,178,29.83,0.0,77,48,0.0,1003
2024-11-02 05:00,25.3,7.9,186,29.84,0.0,77,52,0.0,1003
2024-11-02 06:00,26.0,7.2,186,29.85,0.0,75,46,8.0,1003
2024-11-02 07:00,27.3,5.8,191,29.87,0.0,71,47,8.0,1003
2024-11-02 08:00,27.8,4.0,168,29.89,0.0,68,52,8.0,1003
2024-11-02 09:00,27.8,5.4,144,29.89,0.0,68,58,7.0,1063
2024-11-02 10:00,27.9,6.1,158,29.88,0.0,67,55,8.0,1003
2024-11-02 11:00,28.7,4.0,144,29.86,0.0,63,53,8.0,1003
2024-11-02 12:00,29.5,4.3,74,29.83,0.02,60,53,7.0,1150
2024-11-02 13:00,30.9,6.1,50,29.79,0.02,55,71,8.0,1240
2024-11-02 14:00,30.4,6.5,67,29.79,0.02,58,67,8.0,1240
2024-11-02 15:00,29.8,7.2,83,29.78,0.02,61,63,7.0,1240
2024-11-02 16:00,29.3,7.6,99,29.77,0.02,63,59,7.0,1240
2024-11-02 17:00,28.6,6.8,110,29.79,0.02,66,64,7.0,1240
2024-11-02 18:00,27.9,6.1,121,29.81,0.02,69,70,0.0,1240
2024-11-02 19:00,27.3,5.4,132,29.83,0.01,72,74,0.0,1240
2024-11-02 20:00,27.0,6.8,137,29.84,0.01,73,66,0.0,1003
2024-11-02 21:00,26.7,7.9,143,29.85,0.0,74,57,0.0,1240
2024-11-02 22:00,26.4,9.4,149,29.85,0.0,75,48,0.0,1003
2024-11-02 23:00,26.1,9.4,145,29.83,0.0,75,47,0.0,1003
2024-11-03 00:00,25.9,4.0,186,29.84,0.0,81,52,0.0,1003
2024-11-03 01:00,25.8,4.0,167,29.81,0.0,81,34,0.0,1003
2024-11-03 02:00,25.8,1.4,233,29.8,0.0,80,31,0.0,1003
2024-11-03 03:00,25.9,2.5,297,29.8,0.0,81,89,0.0,1063
2024-11-03 04:00,26.1,2.2,275,29.82,0.0,81,70,0.0,1063
2024-11-03 05:00,25.9,3.6,234,29.83,0.03,82,76,0.0,1063
2024-11-03 06:00,26.0,4.0,232,29.84,0.03,81,77,7.0,1063
2024-11-03 07:00,27.0,2.9,275,29.86,0.06,75,70,7.0,1063
2024-11-03 08:00,28.1,4.0,316,29.88,0.07,70,88,7.0,1063
2024-11-03 09:00,29.2,7.2,331,29.89,0.04,65,71,7.0,1240
2024-11-03 10:00,30.1,8.6,344,29.87,0.02,60,76,8.0,1240
2024-11-03 11:00,30.4,11.9,358,29.85,0.05,60,59,8.0,1240
2024-11-03 12:00,30.1,14.0,0,29.82,0.05,61,62,8.0,1240
2024-11-03 13:00,29.2,13.3,354,29.81,0.02,64,61,7.0,1240
2024-11-03 14:00,28.9,11.5,342,29.8,0.01,65,57,7.0,1240
2024-11-03 15:00,28.7,9.4,326,29.79,0.01,65,52,7.0,1150
2024-11-03 16:00,28.5,8.3,322,29.79,0.02,65,81,7.0,1063
2024-11-03 17:00,28.2,8.6,319,29.8,0.02,67,89,7.0,1063
2024-11-03 18:00,27.0,7.9,302,29.82,0.01,72,88,0.0,1063
2024-11-03 19:00,26.4,7.6,262,29.85,0.03,75,57,0.0,1150
2024-11-03 20:00,26.3,6.1,232,29.87,0.03,76,65,0.0,1150
2024-11-03 21:00,26.0,6.5,203,29.88,0.01,78,71,0.0,1240
2024-11-03 22:00,25.9,6.1,203,29.89,0.0,78,55,0.0,1063
2024-11-03 23:00,25.9,5.0,198,29.87,0.0,77,53,0.0,1003
2024-11-04 00:00,26.2,3.6,208,29.85,0.01,76,71,0.0,1063
2024-11-04 01:00,25.8,3.2,198,29.84,0.0,78,51,0.0,1063
2024-11-04 02:00,25.6,4.7,196,29.82,0.01,78,53,0.0,1240
2024-11-04 03:00,25.3,6.1,194,29.82,0.0,78,76,0.0,1063
2024-11-04 04:00,25.2,4.3,160,29.84,0.01,79,56,0.0,1063
2024-11-04 05:00,25.3,6.1,161,29.85,0.01,79,81,0.0,1063
2024-11-04 06:00,25.8,7.2,170,29.86,0.0,78,80,7.0,1063
2024-11-04 07:00,27.3,6.5,175,29.88,0.01,71,88,7.0,1063
2024-11-04 08:00,28.9,5.0,149,29.89,0.01,64,70,7.0,1063
2024-11-04 09:00,30.1,7.6,101,29.88,0.01,59,75,8.0,1150
2024-11-04 10:00,30.9,10.8,86,29.87,0.03,56,79,8.0,1180
2024-11-04 11:00,31.1,12.6,78,29.84,0.05,56,52,8.0,1180
2024-11-04 12:00,30.8,13.7,76,29.81,0.07,58,80,8.0,1240
2024-11-04 13:00,30.3,14.0,79,29.79,0.04,60,82,8.0,1063
2024-11-04 14:00,29.9,13.7,84,29.77,0.03,61,77,7.0,1063
2024-11-04 15:00,29.5,12.6,78,29.77,0.04,63,77,7.0,1063
2024-11-04 16:00,28.7,11.9,72,29.78,0.06,67,81,7.0,1240
2024-11-04 17:00,27.7,9.7,75,29.8,0.08,72,81,7.0,1240
2024-11-04 18:00,26.4,8.6,101,29.82,0.09,77,61,0.0,1240
2024-11-04 19:00,25.8,5.0,120,29.84,0.1,79,84,0.0,1243
2024-11-04 20:00,25.8,3.2,204,29.87,0.06,79,83,0.0,1240
2024-11-04 21:00,25.4,7.6,232,29.88,0.03,81,63,0.0,1180
2024-11-04 22:00,25.3,9.4,233,29.88,0.01,83,63,0.0,1240
2024-11-04 23:00,25.1,8.6,231,29.87,0.0,82,56,0.0,1063
2024-11-05 00:00,26.1,5.0,195,29.83,0.01,77,59,0.0,1240
2024-11-05 01:00,26.0,5.0,189,29.81,0.01,77,65,0.0,1240
2024-11-05 02:00,25.9,7.2,147,29.81,0.03,77,61,0.0,1240
2024-11-05 03:00,25.8,10.4,131,29.81,0.01,77,72,0.0,1063
2024-11-05 04:00,25.2,14.0,133,29.82,0.01,81,85,0.0,1063
2024-11-05 05:00,25.0,13.0,143,29.83,0.01,81,86,0.0,1063
2024-11-05 06:00,24.9,10.8,146,29.85,0.01,81,53,6.0,1240
2024-11-05 07:00,25.5,9.7,136,29.87,0.0,79,58,7.0,1063
2024-11-05 08:00,26.2,9.4,131,29.89,0.0,76,62,8.0,1003
2024-11-05 09:00,27.6,9.4,130,29.89,0.0,68,53,8.0,1003
2024-11-05 10:00,29.4,7.6,129,29.87,0.0,60,53,8.0,1003
2024-11-05 11:00,30.6,6.1,81,29.84,0.0,55,69,8.0,1006
2024-11-05 12:00,30.9,8.6,43,29.8,0.01,55,79,8.0,1153
2024-11-05 13:00,30.7,10.4,27,29.77,0.02,56,85,8.0,1063
2024-11-05 14:00,29.8,10.4,32,29.76,0.04,60,81,7.0,1063
2024-11-05 15:00,29.1,7.2,54,29.76,0.04,64,72,7.0,1240
2024-11-05 16:00,28.5,6.5,79,29.76,0.04,67,79,7.0,1063
2024-11-05 17:00,27.9,6.1,89,29.78,0.03,70,77,7.0,1240
2024-11-05 18:00,26.9,6.5,83,29.8,0.04,73,57,0.0,1240
2024-11-05 19:00,26.8,6.5,89,29.82,0.02,73,81,0.0,1063
2024-11-05 20:00,26.5,4.7,100,29.84,0.02,74,86,0.0,1150
2024-11-05 21:00,26.3,4.3,118,29.86,0.02,74,77,0.0,1150
2024-11-05 22:00,25.9,2.5,142,29.86,0.0,75,87,0.0,1063
2024-11-05 23:00,25.9,2.5,124,29.85,0.0,75,83,0.0,1063
2024-11-06 00:00,25.7,1.1,293,29.83,0.09,81,61,0.0,1240
2024-11-06 01:00,25.5,2.9,130,29.82,0.08,82,65,0.0,1240
2024-11-06 02:00,25.3,3.6,164,29.81,0.06,83,76,0.0,1240
2024-11-06 03:00,25.2,4.3,161,29.81,0.04,83,82,0.0,1240
2024-11-06 04:00,25.0,6.1,136,29.82,0.04,83,81,0.0,1240
2024-11-06 05:00,24.7,9.7,129,29.85,0.04,85,88,0.0,1240
2024-11-06 06:00,24.3,12.6,122,29.87,0.08,88,95,6.0,1240
2024-11-06 07:00,24.1,16.9,115,29.88,0.31,92,100,6.0,1246
2024-11-06 08:00,23.4,20.2,124,29.89,0.72,95,98,6.0,1195
2024-11-06 09:00,22.7,12.2,132,29.91,0.24,95,81,6.0,1189
2024-11-06 10:00,23.3,7.6,164,29.91,0.05,90,80,6.0,1240
2024-11-06 11:00,24.4,7.2,175,29.88,0.0,83,59,6.0,1063
2024-11-06 12:00,25.7,6.8,173,29.85,0.0,77,47,8.0,1003
2024-11-06 13:00,26.9,5.8,153,29.81,0.0,71,33,8.0,1003
2024-11-06 14:00,27.8,5.4,111,29.8,0.0,66,26,8.0,1003
2024-11-06 15:00,28.0,5.8,79,29.8,0.0,63,28,8.0,1003
2024-11-06 16:00,27.7,5.0,56,29.8,0.0,64,27,8.0,1003
2024-11-06 17:00,26.9,4.0,48,29.81,0.0,69,28,8.0,1003
2024-11-06 18:00,25.8,0.7,66,29.84,0.0,70,31,0.0,1003
2024-11-06 19:00,25.6,2.2,186,29.85,0.0,69,31,0.0,1003
2024-11-06 20:00,25.4,3.6,158,29.87,0.0,69,31,0.0,1003
2024-11-06 21:00,25.3,3.6,166,29.88,0.0,69,31,0.0,1003
2024-11-06 22:00,25.2,3.2,179,29.89,0.0,69,46,0.0,1003
2024-11-06 23:00,25.0,3.2,189,29.88,0.0,70,44,0.0,1003
2024-11-07 00:00,24.8,4.0,179,29.86,0.0,70,45,0.0,1003
2024-11-07 01:00,24.6,4.7,174,29.84,0.0,70,43,0.0,1003
2024-11-07 02:00,24.4,5.4,174,29.83,0.0,70,44,0.0,1003
2024-11-07 03:00,24.3,6.1,174,29.83,0.0,71,43,0.0,1003
2024-11-07 04:00,24.3,5.4,173,29.84,0.0,71,44,0.0,1003
2024-11-07 05:00,24.5,4.7,143,29.86,0.0,71,45,0.0,1003
2024-11-07 06:00,25.1,6.5,154,29.87,0.0,72,46,8.0,1003
2024-11-07 07:00,26.9,5.0,164,29.89,0.0,66,31,8.0,1003
2024-11-07 08:00,28.3,2.9,148,29.9,0.0,61,28,8.0,1003
2024-11-07 09:00,29.4,2.9,96,29.89,0.0,57,24,8.0,1000
2024-11-07 10:00,30.5,6.8,73,29.87,0.0,54,20,9.0,1000
2024-11-07 11:00,31.3,10.1,65,29.84,0.0,53,18,9.0,1000
2024-11-07 12:00,31.7,12.6,55,29.82,0.01,52,85,8.0,1063
2024-11-07 13:00,31.6,13.7,52,29.79,0.01,53,76,8.0,1063
2024-11-07 14:00,31.3,14.8,47,29.78,0.0,55,88,8.0,1063
2024-11-07 15:00,30.3,14.4,39,29.77,0.01,57,76,8.0,1063
2024-11-07 16:00,29.6,11.9,41,29.78,0.01,59,84,7.0,1063
2024-11-07 17:00,28.8,9.0,53,29.8,0.01,64,86,7.0,1063
2024-11-07 18:00,27.2,6.5,63,29.82,0.01,70,84,0.0,1063
2024-11-07 19:00,26.8,4.3,76,29.84,0.0,72,74,0.0,1063
2024-11-07 20:00,26.6,5.0,97,29.86,0.0,73,78,0.0,1063
2024-11-07 21:00,26.5,3.2,119,29.88,0.0,73,17,0.0,1000
2024-11-07 22:00,26.5,2.5,156,29.88,0.0,74,16,0.0,1000
2024-11-07 23:00,26.4,2.9,192,29.86,0.0,75,88,0.0,1063
2024-11-08 00:00,26.0,3.6,196,29.85,0.0,76,72,0.0,1063
2024-11-08 01:00,25.7,3.2,189,29.84,0.0,77,89,0.0,1063
2024-11-08 02:00,25.4,2.9,203,29.82,0.0,77,86,0.0,1063
2024-11-08 03:00,25.3,4.7,201,29.83,0.0,78,45,0.0,1003
2024-11-08 04:00,25.1,4.7,191,29.84,0.0,79,89,0.0,1063
2024-11-08 05:00,25.0,2.9,201,29.86,0.0,79,20,0.0,1000
2024-11-08 06:00,25.7,2.9,238,29.86,0.0,77,20,8.0,1000
2024-11-08 07:00,27.1,4.0,275,29.89,0.0,72,19,8.0,1000
2024-11-08 08:00,28.4,3.6,317,29.9,0.0,66,22,8.0,1000
2024-11-08 09:00,29.8,4.7,2,29.89,0.0,58,19,8.0,1000
2024-11-08 10:00,30.8,7.2,31,29.87,0.0,54,70,8.0,1063
2024-11-08 11:00,31.5,10.4,34,29.85,0.0,52,88,8.0,1063
2024-11-08 12:00,31.8,12.2,36,29.82,0.01,51,78,8.0,1063
2024-11-08 13:00,31.9,13.3,38,29.79,0.0,51,75,8.0,1063
2024-11-08 14:00,31.8,14.0,36,29.77,0.01,51,82,8.0,1063
2024-11-08 15:00,31.3,13.3,35,29.76,0.01,53,75,8.0,1063
2024-11-08 16:00,30.6,11.2,42,29.77,0.01,55,75,8.0,1063
2024-11-08 17:00,29.6,9.7,44,29.79,0.01,59,70,7.0,1063
2024-11-08 18:00,28.3,6.5,66,29.81,0.0,64,79,0.0,1063
2024-11-08 19:00,27.8,4.0,100,29.84,0.0,66,81,0.0,1063
2024-11-08 20:00,27.5,3.6,137,29.87,0.0,69,65,0.0,1063
2024-11-08 21:00,27.2,4.0,150,29.89,0.0,71,65,0.0,1063
2024-11-08 22:00,27.1,2.9,169,29.88,0.0,72,75,0.0,1063
2024-11-08 23:00,26.9,2.2,219,29.87,0.0,73,82,0.0,1063
2024-11-09 00:00,25.6,9.0,199,29.83,0.0,77,18,0.0,1000
2024-11-09 01:00,25.4,6.8,205,29.81,0.0,77,13,0.0,1000
2024-11-09 02:00,25.2,5.8,200,29.8,0.0,78,13,0.0,1000
2024-11-09 03:00,25.0,5.0,189,29.8,0.0,78,14,0.0,1000
2024-11-09 04:00,24.9,5.0,189,29.81,0.0,78,14,0.0,1000
2024-11-09 05:00,24.7,6.1,185,29.83,0.0,78,13,0.0,1000
2024-11-09 06:00,25.4,5.4,172,29.84,0.0,75,11,8.0,1000
2024-11-09 07:00,27.6,4.7,155,29.86,0.0,68,10,8.0,1000
2024-11-09 08:00,29.3,6.5,138,29.88,0.0,61,10,8.0,1000
2024-11-09 09:00,30.8,8.3,134,29.88,0.0,55,11,9.0,1000
2024-11-09 10:00,32.1,8.3,118,29.85,0.0,51,11,9.0,1000
2024-11-09 11:00,33.0,10.1,84,29.82,0.0,49,28,9.0,1003
2024-11-09 12:00,33.3,14.0,61,29.79,0.0,48,51,8.0,1063
2024-11-09 13:00,32.4,17.3,50,29.77,0.0,52,78,8.0,1063
2024-11-09 14:00,30.8,14.0,43,29.76,0.02,59,75,8.0,1150
2024-11-09 15:00,30.5,11.2,42,29.76,0.01,61,57,8.0,1240
2024-11-09 16:00,30.1,8.6,55,29.76,0.03,63,71,8.0,1240
2024-11-09 17:00,29.3,7.6,69,29.78,0.02,67,86,7.0,1063
2024-11-09 18:00,28.0,6.5,104,29.81,0.0,72,72,0.0,1063
2024-11-09 19:00,27.7,6.1,138,29.83,0.0,74,86,0.0,1063
2024-11-09 20:00,27.6,3.6,150,29.84,0.0,75,23,0.0,1000
2024-11-09 21:00,27.6,3.6,137,29.86,0.0,75,24,0.0,1000
2024-11-09 22:00,27.3,6.5,161,29.86,0.0,76,40,0.0,1003
2024-11-09 23:00,27.1,5.4,181,29.85,0.0,76,38,0.0,1003
2024-11-10 00:00,27.0,4.3,210,29.81,0.01,78,75,0.0,1240
2024-11-10 01:00,26.8,4.0,191,29.79,0.03,79,86,0.0,1063
2024-11-10 02:00,26.5,3.6,180,29.78,0.06,79,79,0.0,1240
2024-11-10 03:00,26.4,2.9,217,29.79,0.04,79,63,0.0,1240
2024-11-10 04:00,26.1,5.0,254,29.81,0.02,81,65,0.0,1240
2024-11-10 05:00,25.8,5.0,261,29.83,0.0,82,62,0.0,1063
2024-11-10 06:00,26.1,5.0,262,29.85,0.01,82,82,7.0,1063
2024-11-10 07:00,27.0,3.6,241,29.87,0.0,78,90,7.0,1063
2024-11-10 08:00,27.4,0.4,296,29.88,0.01,76,83,7.0,1063
2024-11-10 09:00,28.5,2.5,37,29.88,0.01,71,73,7.0,1240
2024-11-10 10:00,30.0,6.5,62,29.86,0.03,65,86,7.0,1063
2024-11-10 11:00,30.4,8.6,65,29.83,0.05,63,72,8.0,1240
2024-11-10 12:00,30.2,10.1,68,29.8,0.03,64,78,8.0,1063
2024-11-10 13:00,30.0,10.4,77,29.78,0.06,66,80,7.0,1063
2024-11-10 14:00,30.3,10.1,86,29.76,0.03,64,51,8.0,1240
2024-11-10 15:00,30.1,10.1,101,29.75,0.07,65,80,8.0,1180
2024-11-10 16:00,30.3,9.7,111,29.76,0.03,63,73,8.0,1063
2024-11-10 17:00,29.9,6.8,126,29.77,0.0,64,79,7.0,1063
2024-11-10 18:00,28.3,4.7,125,29.8,0.02,71,77,0.0,1063
2024-11-10 19:00,27.5,2.5,159,29.83,0.01,75,71,0.0,1063
2024-11-10 20:00,27.6,2.5,149,29.85,0.02,75,77,0.0,1063
2024-11-10 21:00,27.5,3.6,177,29.87,0.0,75,31,0.0,1003
2024-11-10 22:00,27.3,4.7,184,29.87,0.0,76,41,0.0,1003
2024-11-10 23:00,27.0,5.8,196,29.84,0.0,76,24,0.0,1000
2024-11-11 00:00,26.5,5.8,154,29.8,0.0,78,74,0.0,1063
2024-11-11 01:00,26.4,6.1,162,29.79,0.02,79,88,0.0,1063
2024-11-11 02:00,26.2,5.8,163,29.77,0.02,79,75,0.0,1063
2024-11-11 03:00,25.9,5.0,165,29.78,0.07,79,73,0.0,1063
2024-11-11 04:00,25.3,4.7,195,29.79,0.05,82,77,0.0,1240
2024-11-11 05:00,25.0,5.4,209,29.81,0.07,84,84,0.0,1240
2024-11-11 06:00,25.6,5.0,208,29.82,0.04,81,88,7.0,1240
2024-11-11 07:00,27.4,2.5,253,29.85,0.02,74,88,7.0,1063
2024-11-11 08:00,28.6,2.2,28,29.86,0.01,70,74,7.0,1063
2024-11-11 09:00,29.6,6.8,71,29.85,0.02,65,76,7.0,1063
2024-11-11 10:00,30.6,9.7,77,29.83,0.03,62,72,8.0,1063
2024-11-11 11:00,31.1,11.9,72,29.8,0.05,60,88,8.0,1240
2024-11-11 12:00,31.3,12.2,68,29.77,0.04,60,89,8.0,1063
2024-11-11 13:00,31.3,13.0,62,29.75,0.04,59,88,8.0,1063
2024-11-11 14:00,31.0,13.3,56,29.75,0.06,60,71,8.0,1063
2024-11-11 15:00,30.4,12.6,55,29.74,0.02,62,70,8.0,1063
2024-11-11 16:00,29.7,10.4,55,29.74,0.04,65,76,7.0,1063
2024-11-11 17:00,28.7,9.4,55,29.75,0.02,70,87,7.0,1063
2024-11-11 18:00,27.1,6.1,62,29.77,0.02,75,81,0.0,1063
2024-11-11 19:00,26.4,4.3,72,29.81,0.06,78,71,0.0,1063
2024-11-11 20:00,26.7,5.0,62,29.83,0.01,77,82,0.0,1063
2024-11-11 21:00,26.5,4.7,56,29.84,0.05,78,89,0.0,1063
2024-11-11 22:00,26.1,2.2,6,29.86,0.03,78,70,0.0,1063
2024-11-11 23:00,26.2,2.5,302,29.84,0.0,77,18,0.0,1000
2024-11-12 00:00,25.6,4.0,175,29.82,0.0,81,47,0.0,1003
2024-11-12 01:00,25.4,5.8,207,29.8,0.0,82,29,0.0,1003
2024-11-12 02:00,25.3,4.3,200,29.79,0.0,82,49,0.0,1003
2024-11-12 03:00,25.2,4.3,143,29.78,0.0,82,25,0.0,1000
2024-11-12 04:00,24.9,5.0,155,29.79,0.0,83,21,0.0,1000
2024-11-12 05:00,24.8,5.4,162,29.8,0.0,83,18,0.0,1000
2024-11-12 06:00,25.6,5.0,165,29.81,0.0,81,33,8.0,1003
2024-11-12 07:00,27.3,5.8,143,29.83,0.0,75,25,8.0,1000
2024-11-12 08:00,28.5,7.6,116,29.85,0.0,70,87,7.0,1063
2024-11-12 09:00,29.6,8.3,103,29.84,0.0,65,89,7.0,1063
2024-11-12 10:00,30.5,10.1,76,29.82,0.01,62,89,8.0,1063
2024-11-12 11:00,30.8,12.2,58,29.8,0.03,61,80,8.0,1063
2024-11-12 12:00,30.7,14.4,56,29.77,0.03,62,72,8.0,1063
2024-11-12 13:00,30.6,14.8,60,29.75,0.02,62,88,8.0,1063
2024-11-12 14:00,30.3,14.8,61,29.74,0.02,64,74,8.0,1063
2024-11-12 15:00,29.9,13.0,67,29.73,0.01,65,53,7.0,1240
2024-11-12 16:00,29.4,11.9,71,29.73,0.01,68,78,7.0,1063
2024-11-12 17:00,28.2,10.8,72,29.75,0.01,71,86,7.0,1063
2024-11-12 18:00,27.3,8.6,76,29.77,0.02,75,50,0.0,1240
2024-11-12 19:00,26.9,8.3,95,29.79,0.0,78,84,0.0,1063
2024-11-12 20:00,26.9,7.6,100,29.82,0.01,78,83,0.0,1063
2024-11-12 21:00,26.8,6.1,116,29.83,0.0,78,27,0.0,1003
2024-11-12 22:00,26.6,6.1,128,29.83,0.0,79,29,0.0,1003
2024-11-12 23:00,26.3,6.1,139,29.81,0.0,80,72,0.0,1063
2024-11-13 00:00,25.8,5.0,144,29.79,0.01,81,78,0.0,1063
2024-11-13 01:00,25.6,5.0,140,29.78,0.0,81,29,0.0,1003
2024-11-13 02:00,25.5,5.8,156,29.76,0.0,81,30,0.0,1003
2024-11-13 03:00,25.5,5.0,160,29.77,0.0,81,27,0.0,1003
2024-11-13 04:00,25.5,5.4,158,29.77,0.0,82,28,0.0,1003
2024-11-13 05:00,25.3,6.1,146,29.79,0.0,83,29,0.0,1003
2024-11-13 06:00,25.9,6.5,147,29.8,0.0,82,27,8.0,1003
2024-11-13 07:00,27.6,7.6,135,29.82,0.0,77,26,8.0,1003
2024-11-13 08:00,28.8,8.6,111,29.83,0.0,72,40,8.0,1003
2024-11-13 09:00,29.7,10.1,93,29.83,0.0,68,46,8.0,1003
2024-11-13 10:00,30.5,13.3,81,29.81,0.0,65,77,8.0,1063
2024-11-13 11:00,31.0,14.4,73,29.79,0.0,62,76,8.0,1063
2024-11-13 12:00,31.3,15.1,67,29.76,0.0,60,80,8.0,1063
2024-11-13 13:00,31.2,16.2,66,29.74,0.0,61,72,8.0,1063
2024-11-13 14:00,31.0,14.8,69,29.73,0.01,61,87,8.0,1063
2024-11-13 15:00,30.7,13.3,70,29.72,0.0,62,83,8.0,1063
2024-11-13 16:00,30.2,11.5,67,29.73,0.0,63,80,8.0,1063
2024-11-13 17:00,29.1,10.1,65,29.74,0.0,67,76,7.0,1063
2024-11-13 18:00,27.3,7.9,74,29.76,0.0,73,7,0.0,1000
2024-11-13 19:00,26.8,6.5,94,29.79,0.0,75,4,0.0,1000
2024-11-13 20:00,26.7,5.8,111,29.81,0.0,75,5,0.0,1000
2024-11-13 21:00,26.6,6.1,114,29.83,0.0,75,7,0.0,1000
2024-11-13 22:00,26.5,5.0,145,29.83,0.0,75,83,0.0,1063
2024-11-13 23:00,26.4,4.7,169,29.82,0.01,75,82,0.0,1063
2024-11-14 00:00,26.4,5.4,159,29.79,0.0,78,36,0.0,1003
2024-11-14 01:00,26.2,4.0,162,29.77,0.0,78,36,0.0,1003
2024-11-14 02:00,26.0,3.6,156,29.76,0.0,79,86,0.0,1063
2024-11-14 03:00,25.6,4.3,134,29.76,0.04,81,75,0.0,1063
2024-11-14 04:00,25.2,6.5,151,29.77,0.02,83,71,0.0,1063
2024-11-14 05:00,25.5,5.8,154,29.78,0.0,81,29,0.0,1003
2024-11-14 06:00,26.4,5.4,134,29.8,0.0,78,29,8.0,1003
2024-11-14 07:00,28.1,7.2,117,29.82,0.0,73,20,8.0,1000
2024-11-14 08:00,29.3,9.7,100,29.84,0.0,67,13,8.0,1000
2024-11-14 09:00,30.5,11.2,89,29.83,0.0,63,11,9.0,1000
2024-11-14 10:00,31.4,13.7,80,29.82,0.0,57,13,9.0,1000
2024-11-14 11:00,31.9,15.8,69,29.8,0.0,54,14,9.0,1000
2024-11-14 12:00,32.2,15.5,68,29.77,0.0,52,14,9.0,1000
2024-11-14 13:00,32.2,16.9,65,29.74,0.0,51,12,9.0,1000
2024-11-14 14:00,32.0,16.2,63,29.73,0.0,50,10,9.0,1000
2024-11-14 15:00,31.5,15.5,61,29.72,0.0,52,8,9.0,1000
2024-11-14 16:00,30.6,14.4,62,29.73,0.0,57,7,9.0,1000
2024-11-14 17:00,29.3,12.6,63,29.74,0.0,64,5,8.0,1000
2024-11-14 18:00,27.6,7.2,70,29.77,0.0,71,5,0.0,1000
2024-11-14 19:00,27.4,5.8,87,29.79,0.0,73,5,0.0,1000
2024-11-14 20:00,27.0,5.4,98,29.82,0.01,75,76,0.0,1063
2024-11-14 21:00,26.7,4.0,123,29.84,0.01,75,74,0.0,1063
2024-11-14 22:00,26.6,3.2,138,29.84,0.01,75,79,0.0,1063
2024-11-14 23:00,26.5,2.2,157,29.83,0.0,74,83,0.0,1063
2024-11-15 00:00,25.7,2.9,160,29.81,0.02,80,51,0.0,1240
2024-11-15 01:00,25.7,2.9,167,29.79,0.0,81,89,0.0,1063
2024-11-15 02:00,25.7,3.6,148,29.77,0.0,80,73,0.0,1063
2024-11-15 03:00,25.6,4.3,158,29.77,0.0,81,24,0.0,1000
2024-11-15 04:00,25.4,5.0,154,29.77,0.0,81,22,0.0,1000
2024-11-15 05:00,25.3,5.4,156,29.78,0.0,81,18,0.0,1000
2024-11-15 06:00,26.1,5.0,171,29.8,0.0,79,18,8.0,1000
2024-11-15 07:00,27.8,4.3,154,29.82,0.0,71,19,8.0,1000
2024-11-15 08:00,29.2,4.3,115,29.83,0.0,65,22,8.0,1000
2024-11-15 09:00,30.3,6.8,93,29.82,0.0,61,78,8.0,1063
2024-11-15 10:00,31.1,8.6,72,29.8,0.01,59,69,8.0,1240
2024-11-15 11:00,31.5,11.5,53,29.78,0.02,58,72,8.0,1150
2024-11-15 12:00,31.1,13.0,45,29.75,0.02,60,52,8.0,1240
2024-11-15 13:00,30.9,12.6,45,29.73,0.03,61,74,8.0,1063
2024-11-15 14:00,30.7,12.2,50,29.72,0.03,62,71,8.0,1240
2024-11-15 15:00,30.5,10.8,60,29.71,0.02,63,87,8.0,1063
2024-11-15 16:00,30.0,8.3,66,29.71,0.01,65,77,8.0,1063
2024-11-15 17:00,29.3,5.0,74,29.72,0.05,68,87,7.0,1063
2024-11-15 18:00,27.6,3.2,89,29.74,0.06,75,86,0.0,1063
2024-11-15 19:00,27.5,2.5,143,29.76,0.01,75,86,0.0,1063
2024-11-15 20:00,27.3,2.9,162,29.79,0.05,76,70,0.0,1180
2024-11-15 21:00,27.1,4.3,178,29.8,0.01,76,50,0.0,1240
2024-11-15 22:00,26.8,4.0,203,29.81,0.02,77,84,0.0,1063
2024-11-15 23:00,26.6,4.7,228,29.8,0.01,78,86,0.0,1063
2024-11-16 00:00,26.6,2.5,194,29.78,0.0,77,14,0.0,1000
2024-11-16 01:00,26.3,2.9,214,29.75,0.0,78,14,0.0,1000
2024-11-16 02:00,26.0,4.7,211,29.74,0.0,78,13,0.0,1000
2024-11-16 03:00,25.7,5.0,194,29.73,0.0,79,17,0.0,1000
2024-11-16 04:00,25.5,3.2,165,29.76,0.0,79,10,0.0,1000
2024-11-16 05:00,25.3,4.7,159,29.78,0.0,80,15,0.0,1000
2024-11-16 06:00,26.0,4.7,184,29.79,0.0,78,11,8.0,1000
2024-11-16 07:00,27.8,3.6,156,29.82,0.0,71,12,8.0,1000
2024-11-16 08:00,29.4,4.0,143,29.82,0.0,65,14,8.0,1000
2024-11-16 09:00,31.0,3.2,124,29.81,0.0,59,10,9.0,1000
2024-11-16 10:00,32.0,7.2,65,29.79,0.0,55,76,8.0,1063
2024-11-16 11:00,32.7,10.4,45,29.76,0.0,52,89,8.0,1063
2024-11-16 12:00,33.1,14.0,37,29.73,0.0,51,80,8.0,1063
2024-11-16 13:00,32.8,16.2,32,29.71,0.0,53,70,8.0,1063
2024-11-16 14:00,31.8,14.4,31,29.69,0.01,57,74,8.0,1063
2024-11-16 15:00,31.2,13.3,30,29.68,0.06,60,87,8.0,1063
2024-11-16 16:00,30.2,12.6,35,29.69,0.04,64,80,8.0,1240
2024-11-16 17:00,29.1,9.0,46,29.71,0.03,68,77,7.0,1063
2024-11-16 18:00,28.0,6.5,51,29.74,0.06,72,80,0.0,1240
2024-11-16 19:00,27.8,2.9,66,29.75,0.02,72,76,0.0,1063
2024-11-16 20:00,27.9,1.4,79,29.78,0.03,73,84,0.0,1063
2024-11-16 21:00,27.2,3.2,106,29.79,0.05,76,78,0.0,1240
2024-11-16 22:00,27.3,2.2,97,29.79,0.02,76,55,0.0,1240
2024-11-16 23:00,27.1,1.1,115,29.77,0.02,77,56,0.0,1240
2024-11-17 00:00,26.5,4.0,208,29.75,0.0,80,75,0.0,1063
2024-11-17 01:00,26.4,4.0,213,29.73,0.0,80,24,0.0,1000
2024-11-17 02:00,26.2,4.3,238,29.71,0.0,80,21,0.0,1000
2024-11-17 03:00,26.0,4.7,246,29.72,0.0,81,28,0.0,1003
2024-11-17 04:00,25.9,3.6,237,29.72,0.0,81,20,0.0,1000
2024-11-17 05:00,25.8,2.9,199,29.74,0.0,81,14,0.0,1000
2024-11-17 06:00,26.4,1.4,190,29.75,0.0,79,25,8.0,1003
2024-11-17 07:00,27.7,1.4,43,29.78,0.0,74,74,7.0,1063
2024-11-17 08:00,28.9,3.6,28,29.79,0.0,69,24,8.0,1000
2024-11-17 09:00,29.8,6.1,4,29.79,0.02,65,73,7.0,1063
2024-11-17 10:00,30.5,7.9,16,29.78,0.08,63,78,8.0,1063
2024-11-17 11:00,30.9,10.1,32,29.75,0.06,61,71,8.0,1240
2024-11-17 12:00,31.0,11.9,35,29.72,0.08,61,82,8.0,1063
2024-11-17 13:00,30.9,13.3,36,29.7,0.09,62,71,8.0,1063
2024-11-17 14:00,30.4,13.7,37,29.69,0.04,64,87,8.0,1063
2024-11-17 15:00,30.0,13.0,31,29.69,0.06,65,82,7.0,1063
2024-11-17 16:00,29.6,11.5,28,29.7,0.04,67,70,7.0,1063
2024-11-17 17:00,28.5,9.7,28,29.72,0.03,70,80,7.0,1063
2024-11-17 18:00,27.6,7.2,24,29.74,0.0,74,80,0.0,1063
2024-11-17 19:00,27.0,5.4,21,29.76,0.05,76,74,0.0,1063
2024-11-17 20:00,26.6,3.2,42,29.79,0.03,79,72,0.0,1063
2024-11-17 21:00,26.6,1.1,155,29.81,0.01,80,76,0.0,1063
2024-11-17 22:00,26.4,1.1,121,29.8,0.01,80,74,0.0,1063
2024-11-17 23:00,26.2,0.7,253,29.79,0.0,80,71,0.0,1063
2024-11-18 00:00,26.0,2.5,208,29.77,0.0,81,35,0.0,1003
2024-11-18 01:00,25.9,4.3,194,29.74,0.0,81,28,0.0,1003
2024-11-18 02:00,25.8,4.3,178,29.73,0.0,81,26,0.0,1003
2024-11-18 03:00,25.7,4.0,199,29.73,0.0,81,23,0.0,1000
2024-11-18 04:00,25.6,1.8,171,29.74,0.0,81,22,0.0,1000
2024-11-18 05:00,25.5,3.2,160,29.76,0.0,81,22,0.0,1000
2024-11-18 06:00,26.1,4.3,176,29.77,0.0,79,23,8.0,1000
2024-11-18 07:00,27.3,3.2,168,29.8,0.01,75,82,7.0,1063
2024-11-18 08:00,28.3,3.2,103,29.8,0.0,70,26,8.0,1003
2024-11-18 09:00,29.2,5.8,67,29.8,0.0,67,28,8.0,1003
2024-11-18 10:00,30.0,7.6,60,29.79,0.0,64,80,7.0,1063
2024-11-18 11:00,30.8,10.4,49,29.76,0.01,61,86,8.0,1063
2024-11-18 12:00,31.1,13.0,46,29.73,0.01,60,76,8.0,1063
2024-11-18 13:00,31.1,13.3,50,29.71,0.01,60,78,8.0,1063
2024-11-18 14:00,30.9,13.0,54,29.69,0.01,61,76,8.0,1063
2024-11-18 15:00,30.6,12.2,53,29.69,0.0,62,87,8.0,1063
2024-11-18 16:00,29.9,11.5,53,29.69,0.0,64,74,7.0,1063
2024-11-18 17:00,28.9,10.1,62,29.71,0.01,68,85,7.0,1063
2024-11-18 18:00,27.6,6.8,67,29.72,0.0,73,85,0.0,1063
2024-11-18 19:00,27.1,5.4,78,29.75,0.0,75,79,0.0,1063
2024-11-18 20:00,27.0,4.3,100,29.77,0.0,76,78,0.0,1063
2024-11-18 21:00,26.8,4.3,118,29.79,0.0,77,78,0.0,1063
2024-11-18 22:00,26.7,2.9,112,29.79,0.0,77,89,0.0,1063
2024-11-18 23:00,26.5,2.5,119,29.79,0.0,78,73,0.0,1063
2024-11-19 00:00,26.3,2.2,158,29.77,0.0,79,86,0.0,1063
2024-11-19 01:00,26.2,1.1,165,29.76,0.0,80,27,0.0,1003
2024-11-19 02:00,26.0,3.2,204,29.75,0.0,81,26,0.0,1003
2024-11-19 03:00,25.8,4.0,191,29.74,0.0,81,24,0.0,1000
2024-11-19 04:00,25.6,5.4,181,29.75,0.0,82,19,0.0,1000
2024-11-19 05:00,25.5,5.0,182,29.77,0.0,82,16,0.0,1000
2024-11-19 06:00,26.2,3.2,177,29.78,0.0,79,13,8.0,1000
2024-11-19 07:00,27.7,1.4,108,29.79,0.0,73,12,8.0,1000
2024-11-19 08:00,29.0,4.7,74,29.8,0.0,67,14,8.0,1000
2024-11-19 09:00,30.2,7.9,73,29.8,0.0,62,18,9.0,1000
2024-11-19 10:00,31.0,10.8,65,29.78,0.0,58,11,9.0,1000
2024-11-19 11:00,31.5,13.0,58,29.75,0.0,57,88,8.0,1063
2024-11-19 12:00,31.6,14.0,52,29.73,0.0,56,87,8.0,1063
2024-11-19 13:00,31.5,13.7,54,29.7,0.0,56,71,8.0,1063
2024-11-19 14:00,31.4,13.3,55,29.69,0.01,56,88,8.0,1063
2024-11-19 15:00,31.0,13.3,54,29.69,0.01,58,74,8.0,1063
2024-11-19 16:00,30.0,12.6,51,29.69,0.0,61,88,7.0,1063
2024-11-19 17:00,29.0,10.4,52,29.71,0.01,66,86,7.0,1063
2024-11-19 18:00,27.4,7.2,52,29.73,0.01,71,71,0.0,1063
2024-11-19 19:00,27.1,4.0,67,29.75,0.02,72,78,0.0,1063
2024-11-19 20:00,27.1,1.8,107,29.77,0.0,73,82,0.0,1063
2024-11-19 21:00,27.1,0.4,203,29.78,0.0,74,14,0.0,1000
2024-11-19 22:00,26.9,2.2,223,29.78,0.0,75,13,0.0,1000
2024-11-19 23:00,26.7,4.0,205,29.78,0.0,75,13,0.0,1000
2024-11-20 00:00,25.4,11.5,163,29.78,0.05,86,70,0.0,1240
2024-11-20 01:00,25.2,10.1,171,29.76,0.03,87,77,0.0,1063
2024-11-20 02:00,25.3,7.6,191,29.74,0.01,86,86,0.0,1063
2024-11-20 03:00,25.6,5.8,214,29.72,0.0,83,71,0.0,1063
2024-11-20 04:00,25.6,5.0,229,29.73,0.0,82,57,0.0,1063
2024-11-20 05:00,25.6,3.2,198,29.74,0.0,82,71,0.0,1063
2024-11-20 06:00,25.9,3.2,164,29.75,0.0,81,36,8.0,1003
2024-11-20 07:00,26.9,2.9,149,29.78,0.0,76,47,8.0,1003
2024-11-20 08:00,28.4,4.0,112,29.79,0.0,68,39,8.0,1003
2024-11-20 09:00,29.9,5.8,81,29.79,0.0,62,29,8.0,1003
2024-11-20 10:00,31.0,7.9,61,29.78,0.01,59,77,8.0,1063
2024-11-20 11:00,31.6,10.1,47,29.75,0.03,57,80,8.0,1063
2024-11-20 12:00,31.5,11.5,42,29.72,0.04,59,51,8.0,1240
2024-11-20 13:00,31.2,12.2,40,29.7,0.04,60,85,8.0,1240
2024-11-20 14:00,30.7,11.9,41,29.68,0.03,62,70,8.0,1063
2024-11-20 15:00,30.3,10.1,37,29.67,0.04,64,80,8.0,1063
2024-11-20 16:00,29.5,8.6,34,29.68,0.07,67,82,7.0,1063
2024-11-20 17:00,28.7,6.8,28,29.7,0.05,70,79,7.0,1180
2024-11-20 18:00,27.5,5.8,21,29.72,0.04,75,85,0.0,1063
2024-11-20 19:00,26.9,4.7,29,29.74,0.02,78,88,0.0,1150
2024-11-20 20:00,26.7,3.2,93,29.77,0.02,79,86,0.0,1063
2024-11-20 21:00,26.6,4.7,133,29.79,0.0,80,82,0.0,1063
2024-11-20 22:00,26.0,7.2,131,29.79,0.0,83,77,0.0,1063
2024-11-20 23:00,25.7,7.2,150,29.76,0.02,86,69,0.0,1150
2024-11-21 00:00,26.2,4.3,253,29.76,0.0,81,28,0.0,1003
2024-11-21 01:00,26.0,4.0,243,29.73,0.0,81,20,0.0,1000
2024-11-21 02:00,26.0,3.6,256,29.71,0.0,82,82,0.0,1063
2024-11-21 03:00,25.9,3.2,268,29.7,0.0,82,84,0.0,1063
2024-11-21 04:00,25.6,2.9,271,29.71,0.01,83,71,0.0,1063
2024-11-21 05:00,25.5,3.6,226,29.73,0.0,83,51,0.0,1003
2024-11-21 06:00,26.0,4.7,208,29.75,0.0,81,49,8.0,1003
2024-11-21 07:00,27.4,4.0,159,29.76,0.0,75,34,8.0,1003
2024-11-21 08:00,28.6,4.7,107,29.78,0.01,70,77,7.0,1150
2024-11-21 09:00,29.7,6.5,79,29.78,0.0,65,78,7.0,1063
2024-11-21 10:00,30.7,8.6,66,29.77,0.02,62,85,8.0,1063
2024-11-21 11:00,31.1,11.9,58,29.74,0.04,61,68,8.0,1180
2024-11-21 12:00,30.9,13.0,64,29.72,0.04,62,53,8.0,1240
2024-11-21 13:00,30.8,13.3,66,29.69,0.03,63,72,8.0,1180
2024-11-21 14:00,30.7,13.0,65,29.67,0.02,63,79,8.0,1063
2024-11-21 15:00,30.5,13.0,60,29.65,0.05,64,80,8.0,1063
2024-11-21 16:00,29.9,11.5,57,29.67,0.03,66,75,7.0,1063
2024-11-21 17:00,29.0,10.4,54,29.69,0.04,70,83,7.0,1180
2024-11-21 18:00,26.9,7.2,54,29.71,0.08,76,88,0.0,1063
2024-11-21 19:00,26.2,4.3,60,29.74,0.05,79,71,0.0,1063
2024-11-21 20:00,26.4,3.2,101,29.77,0.02,80,75,0.0,1063
2024-11-21 21:00,26.2,2.9,135,29.79,0.04,81,76,0.0,1063
2024-11-21 22:00,26.3,3.2,156,29.79,0.0,79,87,0.0,1063
2024-11-21 23:00,26.1,4.0,169,29.78,0.0,79,18,0.0,1000
2024-11-22 00:00,26.3,1.8,206,29.77,0.0,80,16,0.0,1000
2024-11-22 01:00,26.1,2.5,189,29.74,0.0,81,79,0.0,1063
2024-11-22 02:00,25.8,4.3,224,29.72,0.01,82,86,0.0,1063
2024-11-22 03:00,25.6,4.3,210,29.71,0.0,82,20,0.0,1000
2024-11-22 04:00,25.5,4.3,191,29.72,0.0,82,18,0.0,1000
2024-11-22 05:00,25.4,4.0,192,29.73,0.0,82,15,0.0,1000
2024-11-22 06:00,26.1,2.2,181,29.75,0.0,79,12,8.0,1000
2024-11-22 07:00,27.6,1.4,48,29.77,0.0,74,11,8.0,1000
2024-11-22 08:00,28.9,4.7,53,29.79,0.0,69,8,8.0,1000
2024-11-22 09:00,30.0,6.8,53,29.78,0.0,64,20,9.0,1000
2024-11-22 10:00,30.9,9.4,54,29.77,0.01,61,74,8.0,1063
2024-11-22 11:00,31.6,11.9,51,29.74,0.01,58,77,8.0,1063
2024-11-22 12:00,31.9,14.8,50,29.71,0.02,57,86,8.0,1063
2024-11-22 13:00,31.8,15.1,54,29.69,0.01,57,74,8.0,1063
2024-11-22 14:00,31.4,14.8,56,29.67,0.0,58,75,8.0,1063
2024-11-22 15:00,30.7,14.0,58,29.66,0.01,61,78,8.0,1063
2024-11-22 16:00,29.8,12.2,63,29.67,0.01,65,86,7.0,1063
2024-11-22 17:00,28.8,9.0,74,29.7,0.04,68,78,7.0,1063
2024-11-22 18:00,27.8,5.8,94,29.72,0.01,72,78,0.0,1063
2024-11-22 19:00,27.4,4.3,114,29.74,0.01,73,74,0.0,1063
2024-11-22 20:00,27.1,3.6,124,29.77,0.02,75,77,0.0,1063
2024-11-22 21:00,27.0,3.6,136,29.8,0.01,75,75,0.0,1063
2024-11-22 22:00,26.9,2.9,162,29.8,0.01,76,57,0.0,1240
2024-11-22 23:00,26.2,3.2,206,29.79,0.02,79,52,0.0,1240
